scenario_name,distance_label,target_distance_m,straight_line_distance_m,source_node,target_node,walkability_field,day_type,hour,seed_index,seed,steps,replicas,slices,config_file,output_dir,log_file,duration_sec,return_code
d0400_dynwd05,d0400,400,399.89096238073773,24,318,dynwd05,weekday,05,0,42,60,12,20,/Users/tsun-yuanku/local/qa_course_platform_github_pages/SQA_Algorithm/outputs/kspwlo_routing/benchmarks/hard_theta_formal_02/configs/d0400_dynwd05.yaml,/Users/tsun-yuanku/local/qa_course_platform_github_pages/SQA_Algorithm/outputs/kspwlo_routing/benchmarks/hard_theta_formal_02/runs/d0400_dynwd05/seed_042,/Users/tsun-yuanku/local/qa_course_platform_github_pages/SQA_Algorithm/outputs/kspwlo_routing/benchmarks/hard_theta_formal_02/logs/d0400_dynwd05__seed_042.log,60.152,0
d0400_dynwd08,d0400,400,399.89096238073773,24,318,dynwd08,weekday,08,0,42,60,12,20,/Users/tsun-yuanku/local/qa_course_platform_github_pages/SQA_Algorithm/outputs/kspwlo_routing/benchmarks/hard_theta_formal_02/configs/d0400_dynwd08.yaml,/Users/tsun-yuanku/local/qa_course_platform_github_pages/SQA_Algorithm/outputs/kspwlo_routing/benchmarks/hard_theta_formal_02/runs/d0400_dynwd08/seed_042,/Users/tsun-yuanku/local/qa_course_platform_github_pages/SQA_Algorithm/outputs/kspwlo_routing/benchmarks/hard_theta_formal_02/logs/d0400_dynwd08__seed_042.log,59.74,0
d0400_dynwd12,d0400,400,399.89096238073773,24,318,dynwd12,weekday,12,0,42,60,12,20,/Users/tsun-yuanku/local/qa_course_platform_github_pages/SQA_Algorithm/outputs/kspwlo_routing/benchmarks/hard_theta_formal_02/configs/d0400_dynwd12.yaml,/Users/tsun-yuanku/local/qa_course_platform_github_pages/SQA_Algorithm/outputs/kspwlo_routing/benchmarks/hard_theta_formal_02/runs/d0400_dynwd12/seed_042,/Users/tsun-yuanku/local/qa_course_platform_github_pages/SQA_Algorithm/outputs/kspwlo_routing/benchmarks/hard_theta_formal_02/logs/d0400_dynwd12__seed_042.log,59.6,0
d0400_dynwd17,d0400,400,399.89096238073773,24,318,dynwd17,weekday,17,0,42,60,12,20,/Users/tsun-yuanku/local/qa_course_platform_github_pages/SQA_Algorithm/outputs/kspwlo_routing/benchmarks/hard_theta_formal_02/configs/d0400_dynwd17.yaml,/Users/tsun-yuanku/local/qa_course_platform_github_pages/SQA_Algorithm/outputs/kspwlo_routing/benchmarks/hard_theta_formal_02/runs/d0400_dynwd17/seed_042,/Users/tsun-yuanku/local/qa_course_platform_github_pages/SQA_Algorithm/outputs/kspwlo_routing/benchmarks/hard_theta_formal_02/logs/d0400_dynwd17__seed_042.log,59.765,0
d0400_dynwd21,d0400,400,399.89096238073773,24,318,dynwd21,weekday,21,0,42,60,12,20,/Users/tsun-yuanku/local/qa_course_platform_github_pages/SQA_Algorithm/outputs/kspwlo_routing/benchmarks/hard_theta_formal_02/configs/d0400_dynwd21.yaml,/Users/tsun-yuanku/local/qa_course_platform_github_pages/SQA_Algorithm/outputs/kspwlo_routing/benchmarks/hard_theta_formal_02/runs/d0400_dynwd21/seed_042,/Users/tsun-yuanku/local/qa_course_platform_github_pages/SQA_Algorithm/outputs/kspwlo_routing/benchmarks/hard_theta_formal_02/logs/d0400_dynwd21__seed_042.log,59.501,0
d0400_dynwe05,d0400,400,399.89096238073773,24,318,dynwe05,weekend,05,0,42,60,12,20,/Users/tsun-yuanku/local/qa_course_platform_github_pages/SQA_Algorithm/outputs/kspwlo_routing/benchmarks/hard_theta_formal_02/configs/d0400_dynwe05.yaml,/Users/tsun-yuanku/local/qa_course_platform_github_pages/SQA_Algorithm/outputs/kspwlo_routing/benchmarks/hard_theta_formal_02/runs/d0400_dynwe05/seed_042,/Users/tsun-yuanku/local/qa_course_platform_github_pages/SQA_Algorithm/outputs/kspwlo_routing/benchmarks/hard_theta_formal_02/logs/d0400_dynwe05__seed_042.log,59.439,0
d0400_dynwe08,d0400,400,399.89096238073773,24,318,dynwe08,weekend,08,0,42,60,12,20,/Users/tsun-yuanku/local/qa_course_platform_github_pages/SQA_Algorithm/outputs/kspwlo_routing/benchmarks/hard_theta_formal_02/configs/d0400_dynwe08.yaml,/Users/tsun-yuanku/local/qa_course_platform_github_pages/SQA_Algorithm/outputs/kspwlo_routing/benchmarks/hard_theta_formal_02/runs/d0400_dynwe08/seed_042,/Users/tsun-yuanku/local/qa_course_platform_github_pages/SQA_Algorithm/outputs/kspwlo_routing/benchmarks/hard_theta_formal_02/logs/d0400_dynwe08__seed_042.log,60.037,0
d0400_dynwe12,d0400,400,399.89096238073773,24,318,dynwe12,weekend,12,0,42,60,12,20,/Users/tsun-yuanku/local/qa_course_platform_github_pages/SQA_Algorithm/outputs/kspwlo_routing/benchmarks/hard_theta_formal_02/configs/d0400_dynwe12.yaml,/Users/tsun-yuanku/local/qa_course_platform_github_pages/SQA_Algorithm/outputs/kspwlo_routing/benchmarks/hard_theta_formal_02/runs/d0400_dynwe12/seed_042,/Users/tsun-yuanku/local/qa_course_platform_github_pages/SQA_Algorithm/outputs/kspwlo_routing/benchmarks/hard_theta_formal_02/logs/d0400_dynwe12__seed_042.log,59.721,0
d0400_dynwe17,d0400,400,399.89096238073773,24,318,dynwe17,weekend,17,0,42,60,12,20,/Users/tsun-yuanku/local/qa_course_platform_github_pages/SQA_Algorithm/outputs/kspwlo_routing/benchmarks/hard_theta_formal_02/configs/d0400_dynwe17.yaml,/Users/tsun-yuanku/local/qa_course_platform_github_pages/SQA_Algorithm/outputs/kspwlo_routing/benchmarks/hard_theta_formal_02/runs/d0400_dynwe17/seed_042,/Users/tsun-yuanku/local/qa_course_platform_github_pages/SQA_Algorithm/outputs/kspwlo_routing/benchmarks/hard_theta_formal_02/logs/d0400_dynwe17__seed_042.log,57.183,0
d0400_dynwe21,d0400,400,399.89096238073773,24,318,dynwe21,weekend,21,0,42,60,12,20,/Users/tsun-yuanku/local/qa_course_platform_github_pages/SQA_Algorithm/outputs/kspwlo_routing/benchmarks/hard_theta_formal_02/configs/d0400_dynwe21.yaml,/Users/tsun-yuanku/local/qa_course_platform_github_pages/SQA_Algorithm/outputs/kspwlo_routing/benchmarks/hard_theta_formal_02/runs/d0400_dynwe21/seed_042,/Users/tsun-yuanku/local/qa_course_platform_github_pages/SQA_Algorithm/outputs/kspwlo_routing/benchmarks/hard_theta_formal_02/logs/d0400_dynwe21__seed_042.log,56.812,0
d0800_dynwd05,d0800,800,799.1359807833297,179,246,dynwd05,weekday,05,0,42,60,12,20,/Users/tsun-yuanku/local/qa_course_platform_github_pages/SQA_Algorithm/outputs/kspwlo_routing/benchmarks/hard_theta_formal_02/configs/d0800_dynwd05.yaml,/Users/tsun-yuanku/local/qa_course_platform_github_pages/SQA_Algorithm/outputs/kspwlo_routing/benchmarks/hard_theta_formal_02/runs/d0800_dynwd05/seed_042,/Users/tsun-yuanku/local/qa_course_platform_github_pages/SQA_Algorithm/outputs/kspwlo_routing/benchmarks/hard_theta_formal_02/logs/d0800_dynwd05__seed_042.log,56.183,0
d0800_dynwd08,d0800,800,799.1359807833297,179,246,dynwd08,weekday,08,0,42,60,12,20,/Users/tsun-yuanku/local/qa_course_platform_github_pages/SQA_Algorithm/outputs/kspwlo_routing/benchmarks/hard_theta_formal_02/configs/d0800_dynwd08.yaml,/Users/tsun-yuanku/local/qa_course_platform_github_pages/SQA_Algorithm/outputs/kspwlo_routing/benchmarks/hard_theta_formal_02/runs/d0800_dynwd08/seed_042,/Users/tsun-yuanku/local/qa_course_platform_github_pages/SQA_Algorithm/outputs/kspwlo_routing/benchmarks/hard_theta_formal_02/logs/d0800_dynwd08__seed_042.log,57.458,0
d0800_dynwd12,d0800,800,799.1359807833297,179,246,dynwd12,weekday,12,0,42,60,12,20,/Users/tsun-yuanku/local/qa_course_platform_github_pages/SQA_Algorithm/outputs/kspwlo_routing/benchmarks/hard_theta_formal_02/configs/d0800_dynwd12.yaml,/Users/tsun-yuanku/local/qa_course_platform_github_pages/SQA_Algorithm/outputs/kspwlo_routing/benchmarks/hard_theta_formal_02/runs/d0800_dynwd12/seed_042,/Users/tsun-yuanku/local/qa_course_platform_github_pages/SQA_Algorithm/outputs/kspwlo_routing/benchmarks/hard_theta_formal_02/logs/d0800_dynwd12__seed_042.log,56.451,0
d0800_dynwd17,d0800,800,799.1359807833297,179,246,dynwd17,weekday,17,0,42,60,12,20,/Users/tsun-yuanku/local/qa_course_platform_github_pages/SQA_Algorithm/outputs/kspwlo_routing/benchmarks/hard_theta_formal_02/configs/d0800_dynwd17.yaml,/Users/tsun-yuanku/local/qa_course_platform_github_pages/SQA_Algorithm/outputs/kspwlo_routing/benchmarks/hard_theta_formal_02/runs/d0800_dynwd17/seed_042,/Users/tsun-yuanku/local/qa_course_platform_github_pages/SQA_Algorithm/outputs/kspwlo_routing/benchmarks/hard_theta_formal_02/logs/d0800_dynwd17__seed_042.log,57.449,0
d0800_dynwd21,d0800,800,799.1359807833297,179,246,dynwd21,weekday,21,0,42,60,12,20,/Users/tsun-yuanku/local/qa_course_platform_github_pages/SQA_Algorithm/outputs/kspwlo_routing/benchmarks/hard_theta_formal_02/configs/d0800_dynwd21.yaml,/Users/tsun-yuanku/local/qa_course_platform_github_pages/SQA_Algorithm/outputs/kspwlo_routing/benchmarks/hard_theta_formal_02/runs/d0800_dynwd21/seed_042,/Users/tsun-yuanku/local/qa_course_platform_github_pages/SQA_Algorithm/outputs/kspwlo_routing/benchmarks/hard_theta_formal_02/logs/d0800_dynwd21__seed_042.log,56.397,0
d0800_dynwe05,d0800,800,799.1359807833297,179,246,dynwe05,weekend,05,0,42,60,12,20,/Users/tsun-yuanku/local/qa_course_platform_github_pages/SQA_Algorithm/outputs/kspwlo_routing/benchmarks/hard_theta_formal_02/configs/d0800_dynwe05.yaml,/Users/tsun-yuanku/local/qa_course_platform_github_pages/SQA_Algorithm/outputs/kspwlo_routing/benchmarks/hard_theta_formal_02/runs/d0800_dynwe05/seed_042,/Users/tsun-yuanku/local/qa_course_platform_github_pages/SQA_Algorithm/outputs/kspwlo_routing/benchmarks/hard_theta_formal_02/logs/d0800_dynwe05__seed_042.log,56.6,0
d0800_dynwe08,d0800,800,799.1359807833297,179,246,dynwe08,weekend,08,0,42,60,12,20,/Users/tsun-yuanku/local/qa_course_platform_github_pages/SQA_Algorithm/outputs/kspwlo_routing/benchmarks/hard_theta_formal_02/configs/d0800_dynwe08.yaml,/Users/tsun-yuanku/local/qa_course_platform_github_pages/SQA_Algorithm/outputs/kspwlo_routing/benchmarks/hard_theta_formal_02/runs/d0800_dynwe08/seed_042,/Users/tsun-yuanku/local/qa_course_platform_github_pages/SQA_Algorithm/outputs/kspwlo_routing/benchmarks/hard_theta_formal_02/logs/d0800_dynwe08__seed_042.log,57.647,0
d0800_dynwe12,d0800,800,799.1359807833297,179,246,dynwe12,weekend,12,0,42,60,12,20,/Users/tsun-yuanku/local/qa_course_platform_github_pages/SQA_Algorithm/outputs/kspwlo_routing/benchmarks/hard_theta_formal_02/configs/d0800_dynwe12.yaml,/Users/tsun-yuanku/local/qa_course_platform_github_pages/SQA_Algorithm/outputs/kspwlo_routing/benchmarks/hard_theta_formal_02/runs/d0800_dynwe12/seed_042,/Users/tsun-yuanku/local/qa_course_platform_github_pages/SQA_Algorithm/outputs/kspwlo_routing/benchmarks/hard_theta_formal_02/logs/d0800_dynwe12__seed_042.log,55.763,0
d0800_dynwe17,d0800,800,799.1359807833297,179,246,dynwe17,weekend,17,0,42,60,12,20,/Users/tsun-yuanku/local/qa_course_platform_github_pages/SQA_Algorithm/outputs/kspwlo_routing/benchmarks/hard_theta_formal_02/configs/d0800_dynwe17.yaml,/Users/tsun-yuanku/local/qa_course_platform_github_pages/SQA_Algorithm/outputs/kspwlo_routing/benchmarks/hard_theta_formal_02/runs/d0800_dynwe17/seed_042,/Users/tsun-yuanku/local/qa_course_platform_github_pages/SQA_Algorithm/outputs/kspwlo_routing/benchmarks/hard_theta_formal_02/logs/d0800_dynwe17__seed_042.log,56.682,0
d0800_dynwe21,d0800,800,799.1359807833297,179,246,dynwe21,weekend,21,0,42,60,12,20,/Users/tsun-yuanku/local/qa_course_platform_github_pages/SQA_Algorithm/outputs/kspwlo_routing/benchmarks/hard_theta_formal_02/configs/d0800_dynwe21.yaml,/Users/tsun-yuanku/local/qa_course_platform_github_pages/SQA_Algorithm/outputs/kspwlo_routing/benchmarks/hard_theta_formal_02/runs/d0800_dynwe21/seed_042,/Users/tsun-yuanku/local/qa_course_platform_github_pages/SQA_Algorithm/outputs/kspwlo_routing/benchmarks/hard_theta_formal_02/logs/d0800_dynwe21__seed_042.log,56.784,0
d1200_dynwd05,d1200,1200,1202.828070248327,80,314,dynwd05,weekday,05,0,42,60,12,20,/Users/tsun-yuanku/local/qa_course_platform_github_pages/SQA_Algorithm/outputs/kspwlo_routing/benchmarks/hard_theta_formal_02/configs/d1200_dynwd05.yaml,/Users/tsun-yuanku/local/qa_course_platform_github_pages/SQA_Algorithm/outputs/kspwlo_routing/benchmarks/hard_theta_formal_02/runs/d1200_dynwd05/seed_042,/Users/tsun-yuanku/local/qa_course_platform_github_pages/SQA_Algorithm/outputs/kspwlo_routing/benchmarks/hard_theta_formal_02/logs/d1200_dynwd05__seed_042.log,56.908,0
d1200_dynwd08,d1200,1200,1202.828070248327,80,314,dynwd08,weekday,08,0,42,60,12,20,/Users/tsun-yuanku/local/qa_course_platform_github_pages/SQA_Algorithm/outputs/kspwlo_routing/benchmarks/hard_theta_formal_02/configs/d1200_dynwd08.yaml,/Users/tsun-yuanku/local/qa_course_platform_github_pages/SQA_Algorithm/outputs/kspwlo_routing/benchmarks/hard_theta_formal_02/runs/d1200_dynwd08/seed_042,/Users/tsun-yuanku/local/qa_course_platform_github_pages/SQA_Algorithm/outputs/kspwlo_routing/benchmarks/hard_theta_formal_02/logs/d1200_dynwd08__seed_042.log,56.719,0
d1200_dynwd12,d1200,1200,1202.828070248327,80,314,dynwd12,weekday,12,0,42,60,12,20,/Users/tsun-yuanku/local/qa_course_platform_github_pages/SQA_Algorithm/outputs/kspwlo_routing/benchmarks/hard_theta_formal_02/configs/d1200_dynwd12.yaml,/Users/tsun-yuanku/local/qa_course_platform_github_pages/SQA_Algorithm/outputs/kspwlo_routing/benchmarks/hard_theta_formal_02/runs/d1200_dynwd12/seed_042,/Users/tsun-yuanku/local/qa_course_platform_github_pages/SQA_Algorithm/outputs/kspwlo_routing/benchmarks/hard_theta_formal_02/logs/d1200_dynwd12__seed_042.log,57.187,0
d1200_dynwd17,d1200,1200,1202.828070248327,80,314,dynwd17,weekday,17,0,42,60,12,20,/Users/tsun-yuanku/local/qa_course_platform_github_pages/SQA_Algorithm/outputs/kspwlo_routing/benchmarks/hard_theta_formal_02/configs/d1200_dynwd17.yaml,/Users/tsun-yuanku/local/qa_course_platform_github_pages/SQA_Algorithm/outputs/kspwlo_routing/benchmarks/hard_theta_formal_02/runs/d1200_dynwd17/seed_042,/Users/tsun-yuanku/local/qa_course_platform_github_pages/SQA_Algorithm/outputs/kspwlo_routing/benchmarks/hard_theta_formal_02/logs/d1200_dynwd17__seed_042.log,56.86,0
d1200_dynwd21,d1200,1200,1202.828070248327,80,314,dynwd21,weekday,21,0,42,60,12,20,/Users/tsun-yuanku/local/qa_course_platform_github_pages/SQA_Algorithm/outputs/kspwlo_routing/benchmarks/hard_theta_formal_02/configs/d1200_dynwd21.yaml,/Users/tsun-yuanku/local/qa_course_platform_github_pages/SQA_Algorithm/outputs/kspwlo_routing/benchmarks/hard_theta_formal_02/runs/d1200_dynwd21/seed_042,/Users/tsun-yuanku/local/qa_course_platform_github_pages/SQA_Algorithm/outputs/kspwlo_routing/benchmarks/hard_theta_formal_02/logs/d1200_dynwd21__seed_042.log,38.303,0
d1200_dynwe05,d1200,1200,1202.828070248327,80,314,dynwe05,weekend,05,0,42,60,12,20,/Users/tsun-yuanku/local/qa_course_platform_github_pages/SQA_Algorithm/outputs/kspwlo_routing/benchmarks/hard_theta_formal_02/configs/d1200_dynwe05.yaml,/Users/tsun-yuanku/local/qa_course_platform_github_pages/SQA_Algorithm/outputs/kspwlo_routing/benchmarks/hard_theta_formal_02/runs/d1200_dynwe05/seed_042,/Users/tsun-yuanku/local/qa_course_platform_github_pages/SQA_Algorithm/outputs/kspwlo_routing/benchmarks/hard_theta_formal_02/logs/d1200_dynwe05__seed_042.log,38.257,0
d1200_dynwe08,d1200,1200,1202.828070248327,80,314,dynwe08,weekend,08,0,42,60,12,20,/Users/tsun-yuanku/local/qa_course_platform_github_pages/SQA_Algorithm/outputs/kspwlo_routing/benchmarks/hard_theta_formal_02/configs/d1200_dynwe08.yaml,/Users/tsun-yuanku/local/qa_course_platform_github_pages/SQA_Algorithm/outputs/kspwlo_routing/benchmarks/hard_theta_formal_02/runs/d1200_dynwe08/seed_042,/Users/tsun-yuanku/local/qa_course_platform_github_pages/SQA_Algorithm/outputs/kspwlo_routing/benchmarks/hard_theta_formal_02/logs/d1200_dynwe08__seed_042.log,37.965,0
d1200_dynwe12,d1200,1200,1202.828070248327,80,314,dynwe12,weekend,12,0,42,60,12,20,/Users/tsun-yuanku/local/qa_course_platform_github_pages/SQA_Algorithm/outputs/kspwlo_routing/benchmarks/hard_theta_formal_02/configs/d1200_dynwe12.yaml,/Users/tsun-yuanku/local/qa_course_platform_github_pages/SQA_Algorithm/outputs/kspwlo_routing/benchmarks/hard_theta_formal_02/runs/d1200_dynwe12/seed_042,/Users/tsun-yuanku/local/qa_course_platform_github_pages/SQA_Algorithm/outputs/kspwlo_routing/benchmarks/hard_theta_formal_02/logs/d1200_dynwe12__seed_042.log,37.505,0
d1200_dynwe17,d1200,1200,1202.828070248327,80,314,dynwe17,weekend,17,0,42,60,12,20,/Users/tsun-yuanku/local/qa_course_platform_github_pages/SQA_Algorithm/outputs/kspwlo_routing/benchmarks/hard_theta_formal_02/configs/d1200_dynwe17.yaml,/Users/tsun-yuanku/local/qa_course_platform_github_pages/SQA_Algorithm/outputs/kspwlo_routing/benchmarks/hard_theta_formal_02/runs/d1200_dynwe17/seed_042,/Users/tsun-yuanku/local/qa_course_platform_github_pages/SQA_Algorithm/outputs/kspwlo_routing/benchmarks/hard_theta_formal_02/logs/d1200_dynwe17__seed_042.log,37.896,0
d1200_dynwe21,d1200,1200,1202.828070248327,80,314,dynwe21,weekend,21,0,42,60,12,20,/Users/tsun-yuanku/local/qa_course_platform_github_pages/SQA_Algorithm/outputs/kspwlo_routing/benchmarks/hard_theta_formal_02/configs/d1200_dynwe21.yaml,/Users/tsun-yuanku/local/qa_course_platform_github_pages/SQA_Algorithm/outputs/kspwlo_routing/benchmarks/hard_theta_formal_02/runs/d1200_dynwe21/seed_042,/Users/tsun-yuanku/local/qa_course_platform_github_pages/SQA_Algorithm/outputs/kspwlo_routing/benchmarks/hard_theta_formal_02/logs/d1200_dynwe21__seed_042.log,37.829,0
