node_id,x,y,degree,is_leaf,component_id
0,169365.62141,2544097.48407,2,False,0
1,169374.11417,2544139.89996,4,False,0
2,169393.99677,2544137.0539,5,False,0
3,169398.58553,2544165.03247,5,False,0
4,169378.40012,2544168.48891,3,False,0
5,169530.27042,2544146.36849,3,False,0
6,169507.37056,2544128.83689,2,False,0
7,169526.72401,2544127.21137,4,False,0
8,169564.33796,2544119.93318,2,False,0
9,169590.02779,2544115.3822,2,False,0
10,169609.90557,2544111.6233,2,False,0
11,169687.85754,2544119.88159,5,False,0
12,169621.9901,2544110.26506,3,False,0
13,169610.93438,2544046.40361,2,False,0
14,169612.77562,2544018.61867,4,False,0
15,169684.68463,2544098.97221,4,False,0
16,169710.98919,2544094.87473,4,False,0
17,169713.8523,2544115.10091,5,False,0
18,169732.2429,2544090.80426,2,False,0
19,169743.56096,2544089.22192,3,False,0
20,169734.87252,2544004.72864,3,False,0
21,169835.76878,2544072.74984,5,False,0
22,169838.47867,2544092.97689,5,False,0
23,169859.89764,2544091.18859,5,False,0
24,169860.0991,2544071.55479,5,False,0
25,169832.69157,2543991.37898,3,False,0
26,169849.18985,2543977.55813,4,False,0
27,169947.70401,2544064.48465,3,False,0
28,169983.26023,2544061.61509,3,False,0
29,170003.76335,2544060.28844,3,False,0
30,170038.49871,2544058.50565,3,False,0
31,170047.98499,2544057.84643,3,False,0
32,170076.76256,2544055.27467,3,False,0
33,170218.1846,2544042.63625,5,False,0
34,170245.87778,2544040.58692,5,False,0
35,170236.95885,2543960.65716,3,False,0
36,170312.36684,2544037.571,2,False,0
37,170313.22488,2544055.06851,2,False,0
38,170246.20626,2544059.22868,5,False,0
39,170219.89829,2544062.71647,5,False,0
40,169926.76098,2544086.64705,3,False,0
41,169934.48588,2544085.76886,3,False,0
42,169986.65179,2544080.54491,3,False,0
43,170003.09686,2544078.85938,3,False,0
44,170039.35829,2544076.23142,4,False,0
45,170048.04462,2544075.5816,2,False,0
46,170077.68478,2544073.36427,3,False,0
47,169385.46927,2544095.285,3,False,0
48,170138.03193,2544049.79923,3,False,0
49,170121.37873,2544051.28747,3,False,0
50,170076.76793,2544055.27419,1,True,0
51,170061.26776,2544074.5924,3,False,0
52,170053.87094,2544075.14575,2,False,0
53,170225.51561,2544131.97899,3,False,0
54,170233.94182,2544229.2985,3,False,0
55,170239.04618,2544289.93121,3,False,0
56,170240.82294,2544305.12222,3,False,0
57,170265.3925,2544310.17787,4,False,0
58,170287.97283,2544551.94942,4,False,0
59,170346.11307,2544547.98872,1,True,0
60,170260.43243,2544553.76955,4,False,0
61,170244.90114,2544358.11337,3,False,0
62,170251.97906,2544450.08236,3,False,0
63,170108.06343,2544567.81888,4,False,0
64,170088.02258,2544569.59947,4,False,0
65,169901.755,2544584.21162,4,False,0
66,170290.39343,2544589.90714,4,False,0
67,170359.85367,2544584.82117,1,True,0
68,170264.07831,2544591.87295,4,False,0
69,170270.52445,2544673.76311,3,False,0
70,170111.47082,2544604.17335,4,False,0
71,170091.27374,2544605.34602,4,False,0
72,169954.50116,2544616.42244,3,False,0
73,169941.21069,2544617.50092,2,False,0
74,169904.3207,2544620.49442,4,False,0
75,170302.76286,2544772.23588,4,False,0
76,170321.0029,2544770.04664,1,True,0
77,170307.82867,2544825.58768,3,False,0
78,170330.00219,2544821.96988,1,True,0
79,170283.36186,2544829.67421,3,False,0
80,170278.27416,2544772.21357,4,False,0
81,170161.86931,2544850.02694,2,False,0
82,170122.26127,2544856.17256,3,False,0
83,170109.87647,2544858.52115,3,False,0
84,170187.96577,2544790.25979,3,False,0
85,170119.3711,2544801.93429,3,False,0
86,170106.83037,2544803.75107,3,False,0
87,170011.55173,2544875.09952,2,False,0
88,169922.24851,2544890.03253,3,False,0
89,170051.01806,2544813.55938,2,False,0
90,170023.4903,2544817.66263,2,False,0
91,169921.03345,2544834.33971,4,False,0
92,169903.66977,2544893.2513,3,False,0
93,169899.46695,2544836.96568,4,False,0
94,169557.39339,2544951.40862,3,False,0
95,169531.72292,2544959.30738,3,False,0
96,169516.27211,2544903.53884,3,False,0
97,169477.2665,2544964.92547,1,True,0
98,169464.13894,2544914.31878,1,True,0
99,169539.35632,2544898.54536,4,False,0
100,169644.38105,2544882.80313,3,False,0
101,169652.50608,2544935.37713,3,False,0
102,169797.16427,2544911.16821,3,False,0
103,169795.45925,2544856.96187,3,False,0
104,169762.03379,2544862.97022,3,False,0
105,169481.14907,2544682.60257,2,False,0
106,169503.01247,2544678.22426,3,False,0
107,169474.49348,2544640.17832,2,False,0
108,169499.87955,2544636.23768,4,False,0
109,169506.81265,2544673.33396,1,True,0
110,169569.04152,2544661.28251,2,False,0
111,169591.97389,2544656.44205,3,False,0
112,169721.67716,2544640.07357,3,False,0
113,169732.93441,2544638.8809,3,False,0
114,169748.90558,2544637.18882,4,False,0
115,169743.36597,2544602.97647,4,False,0
116,169713.83928,2544605.41695,4,False,0
117,169878.73273,2544586.57907,4,False,0
118,169760.37831,2544635.98617,2,False,0
119,169764.81434,2544635.50593,2,False,0
120,169795.63582,2544631.91724,2,False,0
121,169801.90929,2544631.5794,2,False,0
122,169810.62872,2544630.69585,2,False,0
123,169816.36286,2544629.67605,2,False,0
124,169881.75278,2544621.94632,4,False,0
125,169884.35044,2544649.85863,2,False,0
126,169885.08216,2544657.92059,2,False,0
127,169886.05968,2544669.02495,2,False,0
128,169886.94891,2544677.92307,2,False,0
129,169891.39991,2544723.32672,3,False,0
130,169893.05369,2544746.45004,2,False,0
131,169910.21532,2544721.40022,3,False,0
132,169915.13279,2544782.55237,2,False,0
133,169916.12569,2544796.54806,3,False,0
134,169909.02735,2544706.70164,3,False,0
135,169905.19023,2544661.59905,3,False,0
136,169904.07751,2544653.8435,2,False,0
137,169846.7675,2544169.72061,2,False,0
138,169857.45514,2544320.49673,4,False,0
139,169859.36805,2544334.79232,4,False,0
140,169867.61962,2544432.73881,3,False,0
141,169886.15177,2544431.44154,4,False,0
142,169869.29024,2544454.17185,3,False,0
143,169877.23893,2544324.2721,4,False,0
144,169866.70183,2544191.46318,3,False,0
145,169722.71057,2544192.31076,4,False,0
146,169703.73007,2544192.10775,5,False,0
147,169544.08681,2544220.35558,2,False,0
148,169725.925,2544206.67561,5,False,0
149,169741.951,2544284.20699,3,False,0
150,169704.78874,2544204.04906,5,False,0
151,169556.19977,2544238.62969,3,False,0
152,169570.69527,2544316.01676,3,False,0
153,169627.98119,2544304.49507,3,False,0
154,169712.84382,2544290.90267,4,False,0
155,169751.39667,2544333.31376,4,False,0
156,169837.31398,2544314.28826,4,False,0
157,169827.6354,2544336.25513,4,False,0
158,169719.59233,2544339.26677,4,False,0
159,169755.78942,2544353.37928,3,False,0
160,169828.39881,2544450.69687,3,False,0
161,169639.24673,2544359.23263,4,False,0
162,169578.49128,2544371.37192,3,False,0
163,169677.33952,2544366.27775,3,False,0
164,169694.06334,2544362.12678,4,False,0
165,169687.98218,2544430.7354,4,False,0
166,169696.41275,2544483.06108,4,False,0
167,169939.47774,2544154.40181,3,False,0
168,169928.89581,2544135.24371,3,False,0
169,169932.83189,2544184.81927,3,False,0
170,169943.15698,2544314.86564,4,False,0
171,169878.02674,2544334.59714,4,False,0
172,169878.63763,2544342.60344,2,False,0
173,170093.24689,2544454.97848,4,False,0
174,170087.94345,2544372.41045,4,False,0
175,170083.99744,2544454.9366,3,False,0
176,170076.36152,2544373.11756,3,False,0
177,170067.64017,2544309.25707,4,False,0
178,170071.28751,2544318.74951,4,False,0
179,170083.17094,2544303.19914,5,False,0
180,170076.13064,2544229.71231,3,False,0
181,170069.34887,2544155.40105,3,False,0
182,169953.27314,2544317.55118,4,False,0
183,170070.91147,2543932.74648,2,False,0
184,170163.3385,2543984.73407,3,False,0
185,170216.73319,2543995.89823,3,False,0
186,169847.30876,2544177.35641,2,False,0
187,169346.30549,2543897.29131,4,False,0
188,169273.47704,2543900.7349,1,True,0
189,169330.95951,2543898.20621,2,False,0
190,169266.34161,2543871.35584,1,True,1
191,169309.77093,2543850.58603,2,False,1
192,169846.41942,2543941.10173,3,False,0
193,169833.12533,2543764.11322,3,False,0
194,169825.59255,2543660.01208,4,False,0
195,170029.87023,2543640.95448,2,False,0
196,170038.16876,2543640.00839,4,False,0
197,170063.6281,2543638.20787,3,False,0
198,170072.27514,2543637.19057,2,False,0
199,170154.36485,2543629.88568,2,False,0
200,170183.93583,2543627.09219,4,False,0
201,170184.83427,2543638.60476,2,False,0
202,170189.30731,2543692.55977,3,False,0
203,170214.39643,2543965.53675,4,False,0
204,170210.27685,2543922.93142,2,False,0
205,170201.85511,2543821.74999,2,False,0
206,170199.93344,2543801.50101,4,False,0
207,170199.70166,2543797.27001,3,False,0
208,170190.19138,2543701.3665,3,False,0
209,170236.31152,2543950.75349,3,False,0
210,170229.0658,2543871.21214,3,False,0
211,170224.99074,2543827.84334,2,False,0
212,170222.98646,2543806.51286,4,False,0
213,170221.94629,2543794.58488,3,False,0
214,170218.21973,2543749.78457,2,False,0
215,170217.29702,2543733.69305,2,False,0
216,170214.08186,2543706.37393,3,False,0
217,170206.28225,2543623.81673,3,False,0
218,170212.684,2543594.15679,2,False,0
219,170182.83016,2543596.25791,3,False,0
220,170087.73676,2543612.02693,2,False,0
221,170037.4504,2543616.70886,3,False,0
222,169939.1923,2543625.85721,3,False,0
223,169824.66528,2543636.60074,3,False,0
224,169803.60332,2543638.65574,3,False,0
225,169804.8448,2543662.10009,4,False,0
226,169706.34821,2544007.37863,2,False,0
227,169723.92242,2544005.61966,2,False,0
228,169734.25463,2543994.67996,3,False,0
229,169597.08662,2544021.90791,3,False,0
230,169513.83646,2544033.59289,3,False,0
231,169511.49526,2544019.8682,4,False,0
232,169500.64095,2544025.61547,3,False,0
233,169483.06679,2544027.37469,3,False,0
234,169438.2941,2544031.77733,3,False,0
235,169396.8691,2544035.88464,1,True,0
236,169814.05456,2543767.21276,3,False,0
237,169819.87006,2543829.99168,2,False,0
238,169832.95319,2543980.47738,4,False,0
239,169714.08607,2543672.78348,2,False,0
240,169694.62827,2543674.6913,3,False,0
241,169683.81859,2543675.78976,2,False,0
242,169677.96076,2543676.44548,2,False,0
243,169663.03802,2543678.25973,3,False,0
244,169658.85407,2543678.76776,2,False,0
245,169641.21119,2543680.80471,2,False,0
246,169570.64566,2543690.06282,3,False,0
247,169560.88152,2543690.94762,2,False,0
248,169482.49526,2543699.13787,3,False,0
249,169481.66673,2543674.72003,3,False,0
250,169568.977,2543665.09441,3,False,0
251,169346.38326,2543872.76486,3,False,0
252,169441.02914,2543868.84906,2,False,0
253,169483.86128,2543876.05211,4,False,0
254,169402.95222,2543882.03605,3,False,0
255,169483.38393,2543865.09253,4,False,0
256,169476.98261,2543764.24701,2,False,0
257,169470.44852,2543690.73785,2,False,0
258,169477.89571,2543778.39586,4,False,0
259,169381.97716,2543796.11632,2,False,0
260,169430.56687,2543785.94343,3,False,0
261,169424.92472,2543893.71297,3,False,0
262,169426.8837,2543913.94324,3,False,0
263,169435.54211,2544008.28934,4,False,0
264,169433.33806,2543982.34064,4,False,0
265,169431.12897,2543957.7837,4,False,0
266,169396.74222,2543960.15698,1,True,0
267,169481.14324,2544006.9526,3,False,0
268,169478.64049,2543982.6136,4,False,0
269,169475.26404,2543951.47998,3,False,0
270,169502.73878,2543935.23663,3,False,0
271,169501.58599,2543928.44353,4,False,0
272,169514.38652,2543932.14341,3,False,0
273,169498.36943,2543875.03779,4,False,0
274,169497.60259,2543862.1371,3,False,0
275,169494.51032,2543837.66105,3,False,0
276,169488.92782,2543779.7591,3,False,0
277,169832.14309,2543985.58113,2,False,0
278,169497.20827,2543983.97115,2,False,0
279,169496.82782,2543978.07588,3,False,0
280,169493.04235,2543935.70483,4,False,0
281,169492.71755,2543927.17279,3,False,0
282,169473.64688,2543936.1556,3,False,0
283,169466.39312,2543910.66247,3,False,0
284,169458.57859,2543891.20841,2,False,0
285,169323.58069,2543830.79739,2,False,1
286,169332.76177,2543815.55932,2,False,1
287,169328.71638,2543766.61226,2,False,1
288,169327.17803,2543747.90302,3,False,1
289,169320.45254,2543801.37013,1,True,1
290,169318.38721,2543779.89061,3,False,1
291,169293.85466,2543780.99177,1,True,1
292,169311.29125,2543759.73073,3,False,1
293,169315.7838,2543748.98823,3,False,1
294,169311.15994,2543694.88234,1,True,1
295,169298.88919,2543740.03019,3,False,1
296,169277.12344,2543741.92445,1,True,1
297,169265.95037,2543688.82321,3,False,1
298,169245.14818,2543691.11181,1,True,1
299,169321.70439,2543681.33345,2,False,1
300,169479.96056,2543653.84689,1,True,0
301,169567.8014,2543638.83047,1,True,0
302,169583.6209,2543663.15986,2,False,0
303,169679.29535,2543652.44174,2,False,0
304,169691.46117,2543651.27137,4,False,0
305,169711.66357,2543649.84144,3,False,0
306,169686.64661,2543629.43906,1,True,0
307,169722.04292,2543627.71527,1,True,0
308,169719.60837,2543648.96741,2,False,0
309,169668.23398,2543697.45996,4,False,0
310,169697.43956,2543688.90157,1,True,0
311,169676.75293,2543740.71898,3,False,0
312,169716.34821,2543730.16615,1,True,0
313,169638.27378,2543716.84856,3,False,0
314,169647.8647,2543747.82142,4,False,0
315,169579.53609,2543733.64417,3,False,0
316,169570.99005,2543715.75405,1,True,0
317,169575.04188,2543775.4883,4,False,0
318,169618.63476,2543752.79507,1,True,0
319,169577.65052,2543807.46784,4,False,0
320,169508.71034,2543867.83081,3,False,0
321,169536.06201,2543865.543,4,False,0
322,169540.42543,2543921.75027,1,True,0
323,169533.77624,2543835.46507,4,False,0
324,169576.30452,2543831.9765,3,False,0
325,169578.06985,2543863.72541,2,False,0
326,169764.55894,2544743.89946,2,False,0
327,169746.93734,2544750.77761,4,False,0
328,169740.45668,2544698.25292,3,False,0
329,169772.53319,2544702.00732,2,False,0
330,169604.73417,2544697.71762,4,False,0
331,169652.30969,2544691.00027,2,False,0
332,169712.54235,2544680.98398,2,False,0
333,169605.98853,2544705.35418,3,False,0
334,169613.13245,2544748.84659,2,False,0
335,169637.64701,2544744.67617,2,False,0
336,169639.9626,2544761.02674,2,False,0
337,169669.45144,2544756.11004,2,False,0
338,169553.33087,2544715.53471,3,False,0
339,169576.16406,2544701.27238,3,False,0
340,169575.0976,2544667.61197,1,True,0
341,169549.51512,2544706.87912,2,False,0
342,169581.85204,2544878.38726,1,True,0
343,170362.38087,2544672.90789,1,True,2
344,170298.85467,2544677.97948,1,True,2
345,170260.57512,2544674.04864,4,False,0
346,170263.75222,2544717.03899,1,True,0
347,170233.60752,2544675.55869,3,False,0
348,170182.88371,2544678.39897,4,False,0
349,170187.05021,2544728.61241,2,False,0
350,170149.65656,2544674.08567,2,False,0
351,170152.32653,2544702.70416,1,True,0
352,170174.87067,2544622.1257,3,False,0
353,170229.19554,2544617.39075,3,False,0
354,170255.20775,2544615.41644,2,False,0
355,170113.884,2544629.22829,4,False,0
356,170044.62568,2544635.56826,1,True,0
357,169944.86593,2544759.13487,2,False,0
358,169935.69456,2544715.9369,3,False,0
359,169932.67889,2544658.90648,3,False,0
360,169934.94173,2544688.30526,1,True,0
361,169939.27406,2544659.23557,4,False,0
362,169733.05505,2544559.66455,4,False,0
363,169812.86102,2544545.70119,2,False,0
364,169796.32761,2544465.9375,3,False,0
365,169836.0762,2544291.64395,2,False,0
366,169822.14789,2544192.34761,2,False,0
367,169711.20753,2544566.95771,4,False,0
368,169586.41078,2544587.54527,2,False,0
369,169718.41534,2544480.98315,4,False,0
370,169569.60164,2544503.45152,4,False,0
371,169490.87971,2544517.33916,1,True,0
372,169569.8339,2544450.403,3,False,0
373,169581.31463,2544384.14067,3,False,0
374,169641.47744,2544372.91238,3,False,0
375,169705.9933,2544412.09071,3,False,0
376,170281.23154,2544309.45647,4,False,0
377,170341.5537,2544304.31066,1,True,0
378,170293.2134,2544497.76905,1,True,0
379,170260.06745,2544094.39624,1,True,0
380,169945.79911,2544426.86562,2,False,0
381,169938.09775,2544329.66792,5,False,0
382,169865.66404,2544139.99833,1,True,0
383,170056.2348,2544142.36025,3,False,0
384,170200.85877,2544145.04013,2,False,0
385,170204.56936,2543590.31446,2,False,0
386,169873.97496,2543578.61087,1,True,0
387,170209.41542,2543655.4034,2,False,0
388,170212.23697,2543687.44263,2,False,0
389,170066.6052,2543666.52361,3,False,0
390,170038.68992,2543668.84999,3,False,0
391,170042.72875,2543726.11342,3,False,0
392,170152.20348,2543717.63659,1,True,0
393,170043.70781,2543785.79772,1,True,0
394,170133.93824,2543699.63688,2,False,0
395,170182.24594,2543693.46233,3,False,0
396,170180.3584,2543799.15272,4,False,0
397,170250.75153,2544033.27179,1,True,0
398,170245.73851,2543954.75886,4,False,0
399,170240.68049,2543878.69432,1,True,0
400,170310.87002,2543949.59192,1,True,0
401,170095.48553,2543928.623,1,True,0
402,170136.23343,2543803.67051,2,False,0
403,170043.55703,2543785.79523,3,False,0
404,170064.8321,2543784.56839,3,False,0
405,170062.07063,2543756.73995,2,False,0
406,170165.50853,2543773.93575,1,True,0
407,170101.49466,2543753.83273,1,True,0
408,169876.17517,2543806.85493,2,False,0
409,169903.3708,2543823.67985,3,False,0
410,170038.8371,2543811.72881,3,False,0
411,170043.58226,2543906.95053,3,False,0
412,169911.53292,2543947.25622,3,False,0
413,169944.90025,2543944.83253,3,False,0
414,169961.79232,2543912.05099,2,False,0
415,170282.58579,2543866.21693,1,True,0
416,170268.13269,2543801.68513,1,True,0
417,170170.32667,2543955.50617,3,False,0
418,169532.38167,2543811.08152,3,False,0
419,169519.01952,2543791.32463,3,False,0
420,169746.66489,2543992.21176,3,False,0
421,169739.24084,2543921.33648,2,False,0
422,169774.70754,2543868.93302,1,True,0
423,169705.31122,2543998.22664,3,False,0
424,169702.0451,2543968.21967,2,False,0
425,169658.25215,2543974.63008,3,False,0
426,169634.62475,2543976.81517,3,False,0
427,169631.90822,2543952.81013,1,True,0
428,169607.89709,2543980.04629,1,True,0
429,169662.03598,2544004.63426,3,False,0
430,169611.02649,2544011.3407,3,False,0
431,169595.16816,2544014.34216,3,False,0
432,169517.42554,2544078.39301,2,False,0
433,169394.98173,2544008.00069,1,True,0
434,169394.48067,2543983.06813,1,True,0
435,169597.13037,2543945.27737,1,True,0
436,169442.48316,2543834.71468,1,True,0
437,169969.14559,2544656.40511,1,True,0
438,170252.0127,2544834.71041,2,False,0
439,169839.52205,2544904.09397,2,False,0
440,169606.63242,2544943.23161,2,False,0
